entry_no,original_id,base_id,original_suffix,original_replate_no,parent_id,final_id,assigned_isolate_no,changed,reason
1,CHA11P1P1_1,CHA11P1P1,1,,,CHA11P1P1_1,1,no,kept existing numeric isolate number
2,CHA11P1P1_2,CHA11P1P1,2,,,CHA11P1P1_2,2,no,kept existing numeric isolate number
3,CHA11P1P1_3,CHA11P1P1,3,,,CHA11P1P1_3,3,no,kept existing numeric isolate number
4,CHA11P1P1_4,CHA11P1P1,4,,,CHA11P1P1_4,4,no,kept existing numeric isolate number
5,CHA11P1P1_5,CHA11P1P1,5,,,CHA11P1P1_5,5,no,kept existing numeric isolate number
6,CHA11P1P1_6,CHA11P1P1,6,,,CHA11P1P1_6,6,no,kept existing numeric isolate number
7,CHA11P1P1_7,CHA11P1P1,7,,,CHA11P1P1_7,7,no,kept existing numeric isolate number
8,CHA11P2P1_1,CHA11P2P1,1,,,CHA11P2P1_1,1,no,kept existing numeric isolate number
9,CHA11P2P1_2,CHA11P2P1,2,,,CHA11P2P1_2,2,no,kept existing numeric isolate number
10,CHA11P2P1_3,CHA11P2P1,3,,,CHA11P2P1_3,3,no,kept existing numeric isolate number
11,CHA11P2P1_4,CHA11P2P1,4,,,CHA11P2P1_4,4,no,kept existing numeric isolate number
12,CHA11P2P1_5,CHA11P2P1,5,,,CHA11P2P1_5,5,no,kept existing numeric isolate number
13,CHA11P2P1_6,CHA11P2P1,6,,,CHA11P2P1_6,6,no,kept existing numeric isolate number
14,CHA11P2P1_7,CHA11P2P1,7,,,CHA11P2P1_7,7,no,kept existing numeric isolate number
15,CHA11P1Q1_1,CHA11P1Q1,1,,,CHA11P1Q1_1,1,no,kept existing numeric isolate number
16,CHA11P1Q1_2,CHA11P1Q1,2,,,CHA11P1Q1_2,2,no,kept existing numeric isolate number
17,CHA11P1Q1_3,CHA11P1Q1,3,,,CHA11P1Q1_3,3,no,kept existing numeric isolate number
18,CHA11P1Q1_4,CHA11P1Q1,4,,,CHA11P1Q1_4,4,no,kept existing numeric isolate number
19,CHA11P1Q1_5,CHA11P1Q1,5,,,CHA11P1Q1_5,5,no,kept existing numeric isolate number
20,CHA11P2Q1_1,CHA11P2Q1,1,,,CHA11P2Q1_1,1,no,kept existing numeric isolate number
21,CHA11P1P2_1,CHA11P1P2,1,,,CHA11P1P2_1,1,no,kept existing numeric isolate number
22,CHA11P1P2_2,CHA11P1P2,2,,,CHA11P1P2_2,2,no,kept existing numeric isolate number
23,CHA11P1P2_3,CHA11P1P2,3,,,CHA11P1P2_3,3,no,kept existing numeric isolate number
24,CHA11P1P2_4,CHA11P1P2,4,,,CHA11P1P2_4,4,no,kept existing numeric isolate number
25,CHA11P1P2_5,CHA11P1P2,5,,,CHA11P1P2_5,5,no,kept existing numeric isolate number
26,CHA11P1P2_6,CHA11P1P2,6,,,CHA11P1P2_6,6,no,kept existing numeric isolate number
27,CHA11P1P2_7,CHA11P1P2,7,,,CHA11P1P2_7,7,no,kept existing numeric isolate number
28,CHA11P1P2_8,CHA11P1P2,8,,,CHA11P1P2_8,8,no,kept existing numeric isolate number
29,CHA11P1P2_9,CHA11P1P2,9,,,CHA11P1P2_9,9,no,kept existing numeric isolate number
30,CHA11P1P2_10,CHA11P1P2,10,,,CHA11P1P2_10,10,no,kept existing numeric isolate number
31,CHA11P1P2_11,CHA11P1P2,11,,,CHA11P1P2_11,11,no,kept existing numeric isolate number
32,CHA11P1P2_12,CHA11P1P2,12,,,CHA11P1P2_12,12,no,kept existing numeric isolate number
33,CHA11P1P2_13,CHA11P1P2,13,,,CHA11P1P2_13,13,no,kept existing numeric isolate number
34,CHA11P1P2_14,CHA11P1P2,14,,,CHA11P1P2_14,14,no,kept existing numeric isolate number
35,CHA11P2P2_1,CHA11P2P2,1,,,CHA11P2P2_1,1,no,kept existing numeric isolate number
36,CHA11P2P2_2,CHA11P2P2,2,,,CHA11P2P2_2,2,no,kept existing numeric isolate number
37,CHA11P3P2_1,CHA11P3P2,1,,,CHA11P3P2_1,1,no,kept existing numeric isolate number
38,CHA11P3P2_2,CHA11P3P2,2,,,CHA11P3P2_2,2,no,kept existing numeric isolate number
39,CHA11P3P2_3,CHA11P3P2,3,,,CHA11P3P2_3,3,no,kept existing numeric isolate number
40,CHA11P3P2_4,CHA11P3P2,4,,,CHA11P3P2_4,4,no,kept existing numeric isolate number
41,CHA11P3P2_5,CHA11P3P2,5,,,CHA11P3P2_5,5,no,kept existing numeric isolate number
42,CHA11P1Q2_1,CHA11P1Q2,1,,,CHA11P1Q2_1,1,no,kept existing numeric isolate number
43,CHA11P1Q2_2,CHA11P1Q2,2,,,CHA11P1Q2_2,2,no,kept existing numeric isolate number
44,CHA11P1Q2_3,CHA11P1Q2,3,,,CHA11P1Q2_3,3,no,kept existing numeric isolate number
45,CHA11P1Q2_4,CHA11P1Q2,4,,,CHA11P1Q2_4,4,no,kept existing numeric isolate number
46,CHA11P1Q2_5,CHA11P1Q2,5,,,CHA11P1Q2_5,5,no,kept existing numeric isolate number
47,CHA11P2Q2_1,CHA11P2Q2,1,,,CHA11P2Q2_1,1,no,kept existing numeric isolate number
48,CHA11P2Q2_2,CHA11P2Q2,2,,,CHA11P2Q2_2,2,no,kept existing numeric isolate number
49,CHA11P2Q2_3,CHA11P2Q2,3,,,CHA11P2Q2_3,3,no,kept existing numeric isolate number
50,CHA11P2Q2_4,CHA11P2Q2,4,,,CHA11P2Q2_4,4,no,kept existing numeric isolate number
51,CHA11P2Q2_5,CHA11P2Q2,5,,,CHA11P2Q2_5,5,no,kept existing numeric isolate number
52,CHA11D1P1_1,CHA11D1P1,1,,,CHA11D1P1_1,1,no,kept existing numeric isolate number
53,CHA11D1P1_2,CHA11D1P1,2,,,CHA11D1P1_2,2,no,kept existing numeric isolate number
54,CHA11D1P1_3,CHA11D1P1,3,,,CHA11D1P1_3,3,no,kept existing numeric isolate number
55,CHA11D1P1_4,CHA11D1P1,4,,,CHA11D1P1_4,4,no,kept existing numeric isolate number
56,CHA11D1P1_5,CHA11D1P1,5,,,CHA11D1P1_5,5,no,kept existing numeric isolate number
57,CHA11D1P1_6,CHA11D1P1,6,,,CHA11D1P1_6,6,no,kept existing numeric isolate number
58,CHA11D1P1_7,CHA11D1P1,7,,,CHA11D1P1_7,7,no,kept existing numeric isolate number
59,CHA11D1P1_8,CHA11D1P1,8,,,CHA11D1P1_8,8,no,kept existing numeric isolate number
60,CHA11D1P1_9,CHA11D1P1,9,,,CHA11D1P1_9,9,no,kept existing numeric isolate number
61,CHA11D1P1_10,CHA11D1P1,10,,,CHA11D1P1_10,10,no,kept existing numeric isolate number
62,CHA11D1P1_11,CHA11D1P1,11,,,CHA11D1P1_11,11,no,kept existing numeric isolate number
63,CHA11D1P1_12,CHA11D1P1,12,,,CHA11D1P1_12,12,no,kept existing numeric isolate number
64,CHA11D1P1_13,CHA11D1P1,13,,,CHA11D1P1_13,13,no,kept existing numeric isolate number
65,CHA11D1P1_14,CHA11D1P1,14,,,CHA11D1P1_14,14,no,kept existing numeric isolate number
66,CHA11D1P1_15,CHA11D1P1,15,,,CHA11D1P1_15,15,no,kept existing numeric isolate number
67,CHA11D1P1_16,CHA11D1P1,16,,,CHA11D1P1_16,16,no,kept existing numeric isolate number
68,CHA11D1P1_17,CHA11D1P1,17,,,CHA11D1P1_17,17,no,kept existing numeric isolate number
69,CHA11D1P1_18,CHA11D1P1,18,,,CHA11D1P1_18,18,no,kept existing numeric isolate number
70,CHA11D1P1_19,CHA11D1P1,19,,,CHA11D1P1_19,19,no,kept existing numeric isolate number
71,CHA11D1P1_20,CHA11D1P1,20,,,CHA11D1P1_20,20,no,kept existing numeric isolate number
72,CHA11D1P1_21,CHA11D1P1,21,,,CHA11D1P1_21,21,no,kept existing numeric isolate number
73,CHA11D1P1_22,CHA11D1P1,22,,,CHA11D1P1_22,22,no,kept existing numeric isolate number
74,CHA11D1P1_23,CHA11D1P1,23,,,CHA11D1P1_23,23,no,kept existing numeric isolate number
75,CHA11D1P1_24,CHA11D1P1,24,,,CHA11D1P1_24,24,no,kept existing numeric isolate number
76,CHA11D1P1_25,CHA11D1P1,25,,,CHA11D1P1_25,25,no,kept existing numeric isolate number
77,CHA11D1P1_26,CHA11D1P1,26,,,CHA11D1P1_26,26,no,kept existing numeric isolate number
78,CHA11D1P1_27,CHA11D1P1,27,,,CHA11D1P1_27,27,no,kept existing numeric isolate number
79,CHA11D1P1_28,CHA11D1P1,28,,,CHA11D1P1_28,28,no,kept existing numeric isolate number
80,CHA11D1P1_29,CHA11D1P1,29,,,CHA11D1P1_29,29,no,kept existing numeric isolate number
81,CHA11D1P1_30,CHA11D1P1,30,,,CHA11D1P1_30,30,no,kept existing numeric isolate number
82,CHA11D1P1_31,CHA11D1P1,31,,,CHA11D1P1_31,31,no,kept existing numeric isolate number
83,CHA11D1P1_32,CHA11D1P1,32,,,CHA11D1P1_32,32,no,kept existing numeric isolate number
84,CHA11D1P1_33,CHA11D1P1,33,,,CHA11D1P1_33,33,no,kept existing numeric isolate number
85,CHA11D2P1_1,CHA11D2P1,1,,,CHA11D2P1_1,1,no,kept existing numeric isolate number
86,CHA11D2P1_2,CHA11D2P1,2,,,CHA11D2P1_2,2,no,kept existing numeric isolate number
87,CHA11D2P1_3,CHA11D2P1,3,,,CHA11D2P1_3,3,no,kept existing numeric isolate number
88,CHA11D2P1_4,CHA11D2P1,4,,,CHA11D2P1_4,4,no,kept existing numeric isolate number
89,CHA11D2P1_5,CHA11D2P1,5,,,CHA11D2P1_5,5,no,kept existing numeric isolate number
90,CHA11D2P1_6,CHA11D2P1,6,,,CHA11D2P1_6,6,no,kept existing numeric isolate number
91,CHA11D2P1_7,CHA11D2P1,7,,,CHA11D2P1_7,7,no,kept existing numeric isolate number
92,CHA11D2P1_8,CHA11D2P1,8,,,CHA11D2P1_8,8,no,kept existing numeric isolate number
93,CHA11D2P1_9,CHA11D2P1,9,,,CHA11D2P1_9,9,no,kept existing numeric isolate number
94,CHA11D2P1_10,CHA11D2P1,10,,,CHA11D2P1_10,10,no,kept existing numeric isolate number
95,CHA11D2P1_11,CHA11D2P1,11,,,CHA11D2P1_11,11,no,kept existing numeric isolate number
96,CHA11D2P1_12,CHA11D2P1,12,,,CHA11D2P1_12,12,no,kept existing numeric isolate number
97,CHA11D2P1_13,CHA11D2P1,13,,,CHA11D2P1_13,13,no,kept existing numeric isolate number
98,CHA11D2P1_14,CHA11D2P1,14,,,CHA11D2P1_14,14,no,kept existing numeric isolate number
99,CHA11D2P1_15,CHA11D2P1,15,,,CHA11D2P1_15,15,no,kept existing numeric isolate number
100,CHA11D2P1_16,CHA11D2P1,16,,,CHA11D2P1_16,16,no,kept existing numeric isolate number
101,CHA11D2P1_17,CHA11D2P1,17,,,CHA11D2P1_17,17,no,kept existing numeric isolate number
102,CHA11D2P1_18,CHA11D2P1,18,,,CHA11D2P1_18,18,no,kept existing numeric isolate number
103,CHA11D2P1_19,CHA11D2P1,19,,,CHA11D2P1_19,19,no,kept existing numeric isolate number
104,CHA11D2P1_20,CHA11D2P1,20,,,CHA11D2P1_20,20,no,kept existing numeric isolate number
105,CHA11D2P1_21,CHA11D2P1,21,,,CHA11D2P1_21,21,no,kept existing numeric isolate number
106,CHA11D3P1_1,CHA11D3P1,1,,,CHA11D3P1_1,1,no,kept existing numeric isolate number
107,CHA11D1P2_1,CHA11D1P2,1,,,CHA11D1P2_1,1,no,kept existing numeric isolate number
108,CHA21P1P1_1,CHA21P1P1,1,,,CHA21P1P1_1,1,no,kept existing numeric isolate number
109,CHA21P1P1_2,CHA21P1P1,2,,,CHA21P1P1_2,2,no,kept existing numeric isolate number
110,CHA21P1P1_3,CHA21P1P1,3,,,CHA21P1P1_3,3,no,kept existing numeric isolate number
111,CHA21P1P1_4,CHA21P1P1,4,,,CHA21P1P1_4,4,no,kept existing numeric isolate number
112,CHA21P1P1_5,CHA21P1P1,5,,,CHA21P1P1_5,5,no,kept existing numeric isolate number
113,CHA21P1P1_6,CHA21P1P1,6,,,CHA21P1P1_6,6,no,kept existing numeric isolate number
114,CHA21P1P1_7,CHA21P1P1,7,,,CHA21P1P1_7,7,no,kept existing numeric isolate number
115,CHA21P1P1_8,CHA21P1P1,8,,,CHA21P1P1_8,8,no,kept existing numeric isolate number
116,CHA21P1P1_9,CHA21P1P1,9,,,CHA21P1P1_9,9,no,kept existing numeric isolate number
117,CHA21P1P1_10,CHA21P1P1,10,,,CHA21P1P1_10,10,no,kept existing numeric isolate number
118,CHA21P1P1_11,CHA21P1P1,11,,,CHA21P1P1_11,11,no,kept existing numeric isolate number
119,CHA21P2P1_1,CHA21P2P1,1,,,CHA21P2P1_1,1,no,kept existing numeric isolate number
120,CHA21P2P1_2,CHA21P2P1,2,,,CHA21P2P1_2,2,no,kept existing numeric isolate number
121,CHA21P2P1_3,CHA21P2P1,3,,,CHA21P2P1_3,3,no,kept existing numeric isolate number
122,CHA21P3P1_1,CHA21P3P1,1,,,CHA21P3P1_1,1,no,kept existing numeric isolate number
123,CHA21P3P1_2,CHA21P3P1,2,,,CHA21P3P1_2,2,no,kept existing numeric isolate number
124,CHA21P3P1_3,CHA21P3P1,3,,,CHA21P3P1_3,3,no,kept existing numeric isolate number
125,CHA21P3P1_4,CHA21P3P1,4,,,CHA21P3P1_4,4,no,kept existing numeric isolate number
126,CHA21P3P1_5,CHA21P3P1,5,,,CHA21P3P1_5,5,no,kept existing numeric isolate number
127,CHA21P3P1_6,CHA21P3P1,6,,,CHA21P3P1_6,6,no,kept existing numeric isolate number
128,CHA21P3P1_7,CHA21P3P1,7,,,CHA21P3P1_7,7,no,kept existing numeric isolate number
129,CHA21P3P1_8,CHA21P3P1,8,,,CHA21P3P1_8,8,no,kept existing numeric isolate number
130,CHA21P1Q1_1,CHA21P1Q1,1,,,CHA21P1Q1_1,1,no,kept existing numeric isolate number
131,CHA21P1Q1_2,CHA21P1Q1,2,,,CHA21P1Q1_2,2,no,kept existing numeric isolate number
132,CHA21P1Q1_3,CHA21P1Q1,3,,,CHA21P1Q1_3,3,no,kept existing numeric isolate number
133,CHA21P1Q1_4,CHA21P1Q1,4,,,CHA21P1Q1_4,4,no,kept existing numeric isolate number
134,CHA21P1Q1_5,CHA21P1Q1,5,,,CHA21P1Q1_5,5,no,kept existing numeric isolate number
135,CHA21P1Q1_6,CHA21P1Q1,6,,,CHA21P1Q1_6,6,no,kept existing numeric isolate number
136,CHA21P1Q1_7,CHA21P1Q1,7,,,CHA21P1Q1_7,7,no,kept existing numeric isolate number
137,CHA21P1Q1_8,CHA21P1Q1,8,,,CHA21P1Q1_8,8,no,kept existing numeric isolate number
138,CHA21P1Q1_9,CHA21P1Q1,9,,,CHA21P1Q1_9,9,no,kept existing numeric isolate number
139,CHA21P1Q1_10,CHA21P1Q1,10,,,CHA21P1Q1_10,10,no,kept existing numeric isolate number
140,CHA21P1Q1_11,CHA21P1Q1,11,,,CHA21P1Q1_11,11,no,kept existing numeric isolate number
141,CHA21P1Q1_12,CHA21P1Q1,12,,,CHA21P1Q1_12,12,no,kept existing numeric isolate number
142,CHA21P2Q1_1,CHA21P2Q1,1,,,CHA21P2Q1_1,1,no,kept existing numeric isolate number
143,CHA21P2Q1_2,CHA21P2Q1,2,,,CHA21P2Q1_2,2,no,kept existing numeric isolate number
144,CHA21P3Q1_1,CHA21P3Q1,1,,,CHA21P3Q1_1,1,no,kept existing numeric isolate number
145,CHA21P3Q1_2,CHA21P3Q1,2,,,CHA21P3Q1_2,2,no,kept existing numeric isolate number
146,CHA21P3Q1_3,CHA21P3Q1,3,,,CHA21P3Q1_3,3,no,kept existing numeric isolate number
147,CHA21P3Q1_4,CHA21P3Q1,4,,,CHA21P3Q1_4,4,no,kept existing numeric isolate number
148,CHA21P3Q1_5,CHA21P3Q1,5,,,CHA21P3Q1_5,5,no,kept existing numeric isolate number
149,CHA21P3Q1_6,CHA21P3Q1,6,,,CHA21P3Q1_6,6,no,kept existing numeric isolate number
150,CHA21P3Q1_7,CHA21P3Q1,7,,,CHA21P3Q1_7,7,no,kept existing numeric isolate number
151,CHA21P3Q1_8,CHA21P3Q1,8,,,CHA21P3Q1_8,8,no,kept existing numeric isolate number
152,CHA21P1P2_1,CHA21P1P2,1,,,CHA21P1P2_1,1,no,kept existing numeric isolate number
153,CHA21P1P2_2,CHA21P1P2,2,,,CHA21P1P2_2,2,no,kept existing numeric isolate number
154,CHA21P1P2_3,CHA21P1P2,3,,,CHA21P1P2_3,3,no,kept existing numeric isolate number
155,CHA21P1P2_4,CHA21P1P2,4,,,CHA21P1P2_4,4,no,kept existing numeric isolate number
156,CHA21P1P2_5,CHA21P1P2,5,,,CHA21P1P2_5,5,no,kept existing numeric isolate number
157,CHA21P1P2_6,CHA21P1P2,6,,,CHA21P1P2_6,6,no,kept existing numeric isolate number
158,CHA21P1P2_7,CHA21P1P2,7,,,CHA21P1P2_7,7,no,kept existing numeric isolate number
159,CHA21P1P2_8,CHA21P1P2,8,,,CHA21P1P2_8,8,no,kept existing numeric isolate number
160,CHA21P1P2_9,CHA21P1P2,9,,,CHA21P1P2_9,9,no,kept existing numeric isolate number
161,CHA21P1P2_10,CHA21P1P2,10,,,CHA21P1P2_10,10,no,kept existing numeric isolate number
162,CHA21P1P2_11,CHA21P1P2,11,,,CHA21P1P2_11,11,no,kept existing numeric isolate number
163,CHA21P1P2_12,CHA21P1P2,12,,,CHA21P1P2_12,12,no,kept existing numeric isolate number
164,CHA21P1P2_13,CHA21P1P2,13,,,CHA21P1P2_13,13,no,kept existing numeric isolate number
165,CHA21P1P2_14,CHA21P1P2,14,,,CHA21P1P2_14,14,no,kept existing numeric isolate number
166,CHA21P2P2_1,CHA21P2P2,1,,,CHA21P2P2_1,1,no,kept existing numeric isolate number
167,CHA21P2P2_2,CHA21P2P2,2,,,CHA21P2P2_2,2,no,kept existing numeric isolate number
168,CHA21P2P2_3,CHA21P2P2,3,,,CHA21P2P2_3,3,no,kept existing numeric isolate number
169,CHA21P2P2_4,CHA21P2P2,4,,,CHA21P2P2_4,4,no,kept existing numeric isolate number
170,CHA21P2P2_5,CHA21P2P2,5,,,CHA21P2P2_5,5,no,kept existing numeric isolate number
171,CHA21P2P2_6,CHA21P2P2,6,,,CHA21P2P2_6,6,no,kept existing numeric isolate number
172,CHA21P2P2_7,CHA21P2P2,7,,,CHA21P2P2_7,7,no,kept existing numeric isolate number
173,CHA21P2P2_8,CHA21P2P2,8,,,CHA21P2P2_8,8,no,kept existing numeric isolate number
174,CHA21P2P2_9,CHA21P2P2,9,,,CHA21P2P2_9,9,no,kept existing numeric isolate number
175,CHA21P1Q2_1,CHA21P1Q2,1,,,CHA21P1Q2_1,1,no,kept existing numeric isolate number
176,CHA21P1Q2_2,CHA21P1Q2,2,,,CHA21P1Q2_2,2,no,kept existing numeric isolate number
177,CHA21P1Q2_3,CHA21P1Q2,3,,,CHA21P1Q2_3,3,no,kept existing numeric isolate number
178,CHA21P1Q2_4,CHA21P1Q2,4,,,CHA21P1Q2_4,4,no,kept existing numeric isolate number
179,CHA21P1Q2_5,CHA21P1Q2,5,,,CHA21P1Q2_5,5,no,kept existing numeric isolate number
180,CHA21P1Q2_6,CHA21P1Q2,6,,,CHA21P1Q2_6,6,no,kept existing numeric isolate number
181,CHA21P1Q2_7,CHA21P1Q2,7,,,CHA21P1Q2_7,7,no,kept existing numeric isolate number
182,CHA21P1Q2_8,CHA21P1Q2,8,,,CHA21P1Q2_8,8,no,kept existing numeric isolate number
183,CHA21P1Q2_9,CHA21P1Q2,9,,,CHA21P1Q2_9,9,no,kept existing numeric isolate number
184,CHA21P1Q2_10,CHA21P1Q2,10,,,CHA21P1Q2_10,10,no,kept existing numeric isolate number
185,CHA21P2Q2_1,CHA21P2Q2,1,,,CHA21P2Q2_1,1,no,kept existing numeric isolate number
186,CHA21P2Q2_2,CHA21P2Q2,2,,,CHA21P2Q2_2,2,no,kept existing numeric isolate number
187,CHA21P2Q2_3,CHA21P2Q2,3,,,CHA21P2Q2_3,3,no,kept existing numeric isolate number
188,CHA21P2Q2_4,CHA21P2Q2,4,,,CHA21P2Q2_4,4,no,kept existing numeric isolate number
189,CHA21P2Q2_5,CHA21P2Q2,5,,,CHA21P2Q2_5,5,no,kept existing numeric isolate number
190,CHA21P2Q2_6,CHA21P2Q2,6,,,CHA21P2Q2_6,6,no,kept existing numeric isolate number
191,CHA21P2Q2_7,CHA21P2Q2,7,,,CHA21P2Q2_7,7,no,kept existing numeric isolate number
192,CHA21P2Q2_8,CHA21P2Q2,8,,,CHA21P2Q2_8,8,no,kept existing numeric isolate number
193,CHA21P2Q2_9,CHA21P2Q2,9,,,CHA21P2Q2_9,9,no,kept existing numeric isolate number
194,CHA21P2Q2_10,CHA21P2Q2,10,,,CHA21P2Q2_10,10,no,kept existing numeric isolate number
195,CHA21P2Q2_11,CHA21P2Q2,11,,,CHA21P2Q2_11,11,no,kept existing numeric isolate number
196,CHA21P3Q2_1,CHA21P3Q2,1,,,CHA21P3Q2_1,1,no,kept existing numeric isolate number
197,CHA21P3Q2_2,CHA21P3Q2,2,,,CHA21P3Q2_2,2,no,kept existing numeric isolate number
198,CHA21P3Q2_3,CHA21P3Q2,3,,,CHA21P3Q2_3,3,no,kept existing numeric isolate number
199,CHA21D1P1_1,CHA21D1P1,1,,,CHA21D1P1_1,1,no,kept existing numeric isolate number
200,CHA21D1P1_2,CHA21D1P1,2,,,CHA21D1P1_2,2,no,kept existing numeric isolate number
201,CHA21D1P1_3,CHA21D1P1,3,,,CHA21D1P1_3,3,no,kept existing numeric isolate number
202,CHA21D1P1_4,CHA21D1P1,4,,,CHA21D1P1_4,4,no,kept existing numeric isolate number
203,CHA21D1P1_5,CHA21D1P1,5,,,CHA21D1P1_5,5,no,kept existing numeric isolate number
204,CHA21D1P1_6,CHA21D1P1,6,,,CHA21D1P1_6,6,no,kept existing numeric isolate number
205,CHA21D1P1_7,CHA21D1P1,7,,,CHA21D1P1_7,7,no,kept existing numeric isolate number
206,CHA21D1P1_8,CHA21D1P1,8,,,CHA21D1P1_8,8,no,kept existing numeric isolate number
207,CHA21D1P1_9,CHA21D1P1,9,,,CHA21D1P1_9,9,no,kept existing numeric isolate number
208,CHA21D1P1_10,CHA21D1P1,10,,,CHA21D1P1_10,10,no,kept existing numeric isolate number
209,CHA21D1P1_11,CHA21D1P1,11,,,CHA21D1P1_11,11,no,kept existing numeric isolate number
210,CHA21D1P1_12,CHA21D1P1,12,,,CHA21D1P1_12,12,no,kept existing numeric isolate number
211,CHA21D1P1_13,CHA21D1P1,13,,,CHA21D1P1_13,13,no,kept existing numeric isolate number
212,CHA21D1P1_14,CHA21D1P1,14,,,CHA21D1P1_14,14,no,kept existing numeric isolate number
213,CHA21D1P1_15,CHA21D1P1,15,,,CHA21D1P1_15,15,no,kept existing numeric isolate number
214,CHA21D1P1_16,CHA21D1P1,16,,,CHA21D1P1_16,16,no,kept existing numeric isolate number
215,CHA21D2P1_1,CHA21D2P1,1,,,CHA21D2P1_1,1,no,kept existing numeric isolate number
216,CHA21D3P1_1,CHA21D3P1,1,,,CHA21D3P1_1,1,no,kept existing numeric isolate number
217,CHA21D3P1_2,CHA21D3P1,2,,,CHA21D3P1_2,2,no,kept existing numeric isolate number
218,CHA21D3P1_3,CHA21D3P1,3,,,CHA21D3P1_3,3,no,kept existing numeric isolate number
219,CHA21D3P1_4,CHA21D3P1,4,,,CHA21D3P1_4,4,no,kept existing numeric isolate number
220,CHA21D1P2_1,CHA21D1P2,1,,,CHA21D1P2_1,1,no,kept existing numeric isolate number
221,CHA21D1P2_2,CHA21D1P2,2,,,CHA21D1P2_2,2,no,kept existing numeric isolate number
222,CHA21D1P2_3,CHA21D1P2,3,,,CHA21D1P2_3,3,no,kept existing numeric isolate number
223,CHA21D1P2_4,CHA21D1P2,4,,,CHA21D1P2_4,4,no,kept existing numeric isolate number
224,CHA21D1P2_5,CHA21D1P2,5,,,CHA21D1P2_5,5,no,kept existing numeric isolate number
225,CHA21D1P2_6,CHA21D1P2,6,,,CHA21D1P2_6,6,no,kept existing numeric isolate number
226,CHA21D1P2_7,CHA21D1P2,7,,,CHA21D1P2_7,7,no,kept existing numeric isolate number
227,CHA21D1P2_8,CHA21D1P2,8,,,CHA21D1P2_8,8,no,kept existing numeric isolate number
228,CHA21D1P2_9,CHA21D1P2,9,,,CHA21D1P2_9,9,no,kept existing numeric isolate number
229,CHA21D3P2_1,CHA21D3P2,1,,,CHA21D3P2_1,1,no,kept existing numeric isolate number
230,COL11P1P1_1,COL11P1P1,1,,,COL11P1P1_1,1,no,kept existing numeric isolate number
231,COL11P1P1_2,COL11P1P1,2,,,COL11P1P1_2,2,no,kept existing numeric isolate number
232,COL11P1P1_3,COL11P1P1,3,,,COL11P1P1_3,3,no,kept existing numeric isolate number
233,COL11P1P1_4,COL11P1P1,4,,,COL11P1P1_4,4,no,kept existing numeric isolate number
234,COL11P1P1_5,COL11P1P1,5,,,COL11P1P1_5,5,no,kept existing numeric isolate number
235,COL11P1P1_6,COL11P1P1,6,,,COL11P1P1_6,6,no,kept existing numeric isolate number
236,COL11P1P1_7,COL11P1P1,7,,,COL11P1P1_7,7,no,kept existing numeric isolate number
237,COL11P1P1_8,COL11P1P1,8,,,COL11P1P1_8,8,no,kept existing numeric isolate number
238,COL11P1P1_9,COL11P1P1,9,,,COL11P1P1_9,9,no,kept existing numeric isolate number
239,COL11P1Q1_1,COL11P1Q1,1,,,COL11P1Q1_1,1,no,kept existing numeric isolate number
240,COL11P1Q1_2,COL11P1Q1,2,,,COL11P1Q1_2,2,no,kept existing numeric isolate number
241,COL11P1Q1_3,COL11P1Q1,3,,,COL11P1Q1_3,3,no,kept existing numeric isolate number
242,COL11P1Q1_4,COL11P1Q1,4,,,COL11P1Q1_4,4,no,kept existing numeric isolate number
243,COL11P1Q1_5,COL11P1Q1,5,,,COL11P1Q1_5,5,no,kept existing numeric isolate number
244,COL11P1Q1_6,COL11P1Q1,6,,,COL11P1Q1_6,6,no,kept existing numeric isolate number
245,COL11P1Q1_7,COL11P1Q1,7,,,COL11P1Q1_7,7,no,kept existing numeric isolate number
246,COL11P1Q1_8,COL11P1Q1,8,,,COL11P1Q1_8,8,no,kept existing numeric isolate number
247,COL11P1Q1_9,COL11P1Q1,9,,,COL11P1Q1_9,9,no,kept existing numeric isolate number
248,COL11P3Q1_1,COL11P3Q1,1,,,COL11P3Q1_1,1,no,kept existing numeric isolate number
249,COL11P3Q1_2,COL11P3Q1,2,,,COL11P3Q1_2,2,no,kept existing numeric isolate number
250,COL11P3Q1_3,COL11P3Q1,3,,,COL11P3Q1_3,3,no,kept existing numeric isolate number
251,COL11P1P2_1,COL11P1P2,1,,,COL11P1P2_1,1,no,kept existing numeric isolate number
252,COL11P1P2_2,COL11P1P2,2,,,COL11P1P2_2,2,no,kept existing numeric isolate number
253,COL11P1P2_3,COL11P1P2,3,,,COL11P1P2_3,3,no,kept existing numeric isolate number
254,COL11P1P2_4,COL11P1P2,4,,,COL11P1P2_4,4,no,kept existing numeric isolate number
255,COL11P1P2_5,COL11P1P2,5,,,COL11P1P2_5,5,no,kept existing numeric isolate number
256,COL11P1P2_6,COL11P1P2,6,,,COL11P1P2_6,6,no,kept existing numeric isolate number
257,COL11P1P2_7,COL11P1P2,7,,,COL11P1P2_7,7,no,kept existing numeric isolate number
258,COL11P1P2_8,COL11P1P2,8,,,COL11P1P2_8,8,no,kept existing numeric isolate number
259,COL11P1P2_9,COL11P1P2,9,,,COL11P1P2_9,9,no,kept existing numeric isolate number
260,COL11P1P2_10,COL11P1P2,10,,,COL11P1P2_10,10,no,kept existing numeric isolate number
261,COL11P1P2_11,COL11P1P2,11,,,COL11P1P2_11,11,no,kept existing numeric isolate number
262,COL11P2P2_1,COL11P2P2,1,,,COL11P2P2_1,1,no,kept existing numeric isolate number
263,COL11P2P2_2,COL11P2P2,2,,,COL11P2P2_2,2,no,kept existing numeric isolate number
264,COL11P2P2_3,COL11P2P2,3,,,COL11P2P2_3,3,no,kept existing numeric isolate number
265,COL11P2P2_4,COL11P2P2,4,,,COL11P2P2_4,4,no,kept existing numeric isolate number
266,COL11P2P2_5,COL11P2P2,5,,,COL11P2P2_5,5,no,kept existing numeric isolate number
267,COL11P2P2_6,COL11P2P2,6,,,COL11P2P2_6,6,no,kept existing numeric isolate number
268,COL11P2P2_7,COL11P2P2,7,,,COL11P2P2_7,7,no,kept existing numeric isolate number
269,COL11P2P2_8,COL11P2P2,8,,,COL11P2P2_8,8,no,kept existing numeric isolate number
270,COL11P2P2_9,COL11P2P2,9,,,COL11P2P2_9,9,no,kept existing numeric isolate number
271,COL11P2P2_10,COL11P2P2,10,,,COL11P2P2_10,10,no,kept existing numeric isolate number
272,COL11P2P2_11,COL11P2P2,11,,,COL11P2P2_11,11,no,kept existing numeric isolate number
273,COL11P2P2_12,COL11P2P2,12,,,COL11P2P2_12,12,no,kept existing numeric isolate number
274,COL11P2P2_13,COL11P2P2,13,,,COL11P2P2_13,13,no,kept existing numeric isolate number
275,COL11P2P2_14,COL11P2P2,14,,,COL11P2P2_14,14,no,kept existing numeric isolate number
276,COL11P2P2_15,COL11P2P2,15,,,COL11P2P2_15,15,no,kept existing numeric isolate number
277,COL11P2P2_16,COL11P2P2,16,,,COL11P2P2_16,16,no,kept existing numeric isolate number
278,COL11P2P2_17,COL11P2P2,17,,,COL11P2P2_17,17,no,kept existing numeric isolate number
279,COL11P3P2_1,COL11P3P2,1,,,COL11P3P2_1,1,no,kept existing numeric isolate number
280,COL11P1Q2_1,COL11P1Q2,1,,,COL11P1Q2_1,1,no,kept existing numeric isolate number
281,COL11P1Q2_2,COL11P1Q2,2,,,COL11P1Q2_2,2,no,kept existing numeric isolate number
282,COL11P1Q2_3,COL11P1Q2,3,,,COL11P1Q2_3,3,no,kept existing numeric isolate number
283,COL11P1Q2_4,COL11P1Q2,4,,,COL11P1Q2_4,4,no,kept existing numeric isolate number
284,COL11P1Q2_5,COL11P1Q2,5,,,COL11P1Q2_5,5,no,kept existing numeric isolate number
285,COL11P1Q2_6,COL11P1Q2,6,,,COL11P1Q2_6,6,no,kept existing numeric isolate number
286,COL11P1Q2_7,COL11P1Q2,7,,,COL11P1Q2_7,7,no,kept existing numeric isolate number
287,COL11P1Q2_8,COL11P1Q2,8,,,COL11P1Q2_8,8,no,kept existing numeric isolate number
288,COL11P1Q2_9,COL11P1Q2,9,,,COL11P1Q2_9,9,no,kept existing numeric isolate number
289,COL11P1Q2_10,COL11P1Q2,10,,,COL11P1Q2_10,10,no,kept existing numeric isolate number
290,COL11P1Q2_11,COL11P1Q2,11,,,COL11P1Q2_11,11,no,kept existing numeric isolate number
291,COL11P1Q2_12,COL11P1Q2,12,,,COL11P1Q2_12,12,no,kept existing numeric isolate number
292,COL11P1Q2_13,COL11P1Q2,13,,,COL11P1Q2_13,13,no,kept existing numeric isolate number
293,COL11P2Q2_1,COL11P2Q2,1,,,COL11P2Q2_1,1,no,kept existing numeric isolate number
294,COL11P2Q2_2,COL11P2Q2,2,,,COL11P2Q2_2,2,no,kept existing numeric isolate number
295,COL11P2Q2_3,COL11P2Q2,3,,,COL11P2Q2_3,3,no,kept existing numeric isolate number
296,COL11P2Q2_4,COL11P2Q2,4,,,COL11P2Q2_4,4,no,kept existing numeric isolate number
297,COL11P2Q2_5,COL11P2Q2,5,,,COL11P2Q2_5,5,no,kept existing numeric isolate number
298,COL11P2Q2_6,COL11P2Q2,6,,,COL11P2Q2_6,6,no,kept existing numeric isolate number
299,COL11P3Q2_1,COL11P3Q2,1,,,COL11P3Q2_1,1,no,kept existing numeric isolate number
300,COL11P3Q2_2,COL11P3Q2,2,,,COL11P3Q2_2,2,no,kept existing numeric isolate number
301,COL11P3Q2_3,COL11P3Q2,3,,,COL11P3Q2_3,3,no,kept existing numeric isolate number
302,COL11P3Q2_4,COL11P3Q2,4,,,COL11P3Q2_4,4,no,kept existing numeric isolate number
303,COL11P3Q2_5,COL11P3Q2,5,,,COL11P3Q2_5,5,no,kept existing numeric isolate number
304,COL11P3Q2_6,COL11P3Q2,6,,,COL11P3Q2_6,6,no,kept existing numeric isolate number
305,COL11P3Q2_7,COL11P3Q2,7,,,COL11P3Q2_7,7,no,kept existing numeric isolate number
306,COL11P3Q2_8,COL11P3Q2,8,,,COL11P3Q2_8,8,no,kept existing numeric isolate number
307,COL11P3Q2_9,COL11P3Q2,9,,,COL11P3Q2_9,9,no,kept existing numeric isolate number
308,COL11P3Q2_10,COL11P3Q2,10,,,COL11P3Q2_10,10,no,kept existing numeric isolate number
309,COL11P3Q2_11,COL11P3Q2,11,,,COL11P3Q2_11,11,no,kept existing numeric isolate number
310,COL11D1P1_1,COL11D1P1,1,,,COL11D1P1_1,1,no,kept existing numeric isolate number
311,COL11D1P1_2,COL11D1P1,2,,,COL11D1P1_2,2,no,kept existing numeric isolate number
312,COL11D1P1_3,COL11D1P1,3,,,COL11D1P1_3,3,no,kept existing numeric isolate number
313,COL11D1P1_4,COL11D1P1,4,,,COL11D1P1_4,4,no,kept existing numeric isolate number
314,COL11D1P1_5,COL11D1P1,5,,,COL11D1P1_5,5,no,kept existing numeric isolate number
315,COL11D1P1_6,COL11D1P1,6,,,COL11D1P1_6,6,no,kept existing numeric isolate number
316,COL11D1P1_7,COL11D1P1,7,,,COL11D1P1_7,7,no,kept existing numeric isolate number
317,COL11D1P1_8,COL11D1P1,8,,,COL11D1P1_8,8,no,kept existing numeric isolate number
318,COL11D1P1_9,COL11D1P1,9,,,COL11D1P1_9,9,no,kept existing numeric isolate number
319,COL11D1P1_10,COL11D1P1,10,,,COL11D1P1_10,10,no,kept existing numeric isolate number
320,COL11D1P1_11,COL11D1P1,11,,,COL11D1P1_11,11,no,kept existing numeric isolate number
321,COL11D2P1_1,COL11D2P1,1,,,COL11D2P1_1,1,no,kept existing numeric isolate number
322,COL11D2P1_2,COL11D2P1,2,,,COL11D2P1_2,2,no,kept existing numeric isolate number
323,COL11D2P1_3,COL11D2P1,3,,,COL11D2P1_3,3,no,kept existing numeric isolate number
324,COL11D2P1_4,COL11D2P1,4,,,COL11D2P1_4,4,no,kept existing numeric isolate number
325,COL11D2P1_5,COL11D2P1,5,,,COL11D2P1_5,5,no,kept existing numeric isolate number
326,COL11D2P1_6,COL11D2P1,6,,,COL11D2P1_6,6,no,kept existing numeric isolate number
327,COL11D1P2_1,COL11D1P2,1,,,COL11D1P2_1,1,no,kept existing numeric isolate number
328,COL11D1P2_2,COL11D1P2,2,,,COL11D1P2_2,2,no,kept existing numeric isolate number
329,COL11D1P2_3,COL11D1P2,3,,,COL11D1P2_3,3,no,kept existing numeric isolate number
330,COL11D1P2_4,COL11D1P2,4,,,COL11D1P2_4,4,no,kept existing numeric isolate number
331,COL11D1P2_5,COL11D1P2,5,,,COL11D1P2_5,5,no,kept existing numeric isolate number
332,COL11D1P2_6,COL11D1P2,6,,,COL11D1P2_6,6,no,kept existing numeric isolate number
333,COL11D1P2_7,COL11D1P2,7,,,COL11D1P2_7,7,no,kept existing numeric isolate number
334,COL11D1P2_8,COL11D1P2,8,,,COL11D1P2_8,8,no,kept existing numeric isolate number
335,COL11D1P2_9,COL11D1P2,9,,,COL11D1P2_9,9,no,kept existing numeric isolate number
336,COL11D1P2_10,COL11D1P2,10,,,COL11D1P2_10,10,no,kept existing numeric isolate number
337,COL11D1P2_11,COL11D1P2,11,,,COL11D1P2_11,11,no,kept existing numeric isolate number
338,COL11D1P2_12,COL11D1P2,12,,,COL11D1P2_12,12,no,kept existing numeric isolate number
339,COL11D2P2_1,COL11D2P2,1,,,COL11D2P2_1,1,no,kept existing numeric isolate number
340,COL11D2P2_2,COL11D2P2,2,,,COL11D2P2_2,2,no,kept existing numeric isolate number
341,COL11D2P2_3,COL11D2P2,3,,,COL11D2P2_3,3,no,kept existing numeric isolate number
342,COL11D2P2_4,COL11D2P2,4,,,COL11D2P2_4,4,no,kept existing numeric isolate number
343,COL11D2P2_5,COL11D2P2,5,,,COL11D2P2_5,5,no,kept existing numeric isolate number
344,COL11D2P2_6,COL11D2P2,6,,,COL11D2P2_6,6,no,kept existing numeric isolate number
345,COL11D2P2_7,COL11D2P2,7,,,COL11D2P2_7,7,no,kept existing numeric isolate number
346,COL11D2P2_8,COL11D2P2,8,,,COL11D2P2_8,8,no,kept existing numeric isolate number
347,COL11D2P2_9,COL11D2P2,9,,,COL11D2P2_9,9,no,kept existing numeric isolate number
348,COL11D2P2_10,COL11D2P2,10,,,COL11D2P2_10,10,no,kept existing numeric isolate number
349,COL11D2P2_11,COL11D2P2,11,,,COL11D2P2_11,11,no,kept existing numeric isolate number
350,COL11D2P2_12,COL11D2P2,12,,,COL11D2P2_12,12,no,kept existing numeric isolate number
351,COL11D2P2_13,COL11D2P2,13,,,COL11D2P2_13,13,no,kept existing numeric isolate number
352,COL11D2P2_14,COL11D2P2,14,,,COL11D2P2_14,14,no,kept existing numeric isolate number
353,COL11D2P2_15,COL11D2P2,15,,,COL11D2P2_15,15,no,kept existing numeric isolate number
354,COL11D2P2_16,COL11D2P2,16,,,COL11D2P2_16,16,no,kept existing numeric isolate number
355,COL11D2P2_17,COL11D2P2,17,,,COL11D2P2_17,17,no,kept existing numeric isolate number
356,COL11D2P2_18,COL11D2P2,18,,,COL11D2P2_18,18,no,kept existing numeric isolate number
357,COL11D2P2_19,COL11D2P2,19,,,COL11D2P2_19,19,no,kept existing numeric isolate number
358,COL11D3P2_1,COL11D3P2,1,,,COL11D3P2_1,1,no,kept existing numeric isolate number
359,COL11D3P2_2,COL11D3P2,2,,,COL11D3P2_2,2,no,kept existing numeric isolate number
360,COL11D3P2_3,COL11D3P2,3,,,COL11D3P2_3,3,no,kept existing numeric isolate number
361,COL11D3P2_4,COL11D3P2,4,,,COL11D3P2_4,4,no,kept existing numeric isolate number
362,COL11D3P2_5,COL11D3P2,5,,,COL11D3P2_5,5,no,kept existing numeric isolate number
363,COL11D3P2_6,COL11D3P2,6,,,COL11D3P2_6,6,no,kept existing numeric isolate number
364,COL21P1P1_1,COL21P1P1,1,,,COL21P1P1_1,1,no,kept existing numeric isolate number
365,COL21P1P1_2,COL21P1P1,2,,,COL21P1P1_2,2,no,kept existing numeric isolate number
366,COL21P1P1_3,COL21P1P1,3,,,COL21P1P1_3,3,no,kept existing numeric isolate number
367,COL21P1P1_4,COL21P1P1,4,,,COL21P1P1_4,4,no,kept existing numeric isolate number
368,COL21P1P1_5,COL21P1P1,5,,,COL21P1P1_5,5,no,kept existing numeric isolate number
369,COL21P1P1_6,COL21P1P1,6,,,COL21P1P1_6,6,no,kept existing numeric isolate number
370,COL21P1P1_7,COL21P1P1,7,,,COL21P1P1_7,7,no,kept existing numeric isolate number
371,COL21P1P1_8,COL21P1P1,8,,,COL21P1P1_8,8,no,kept existing numeric isolate number
372,COL21P2P1_1,COL21P2P1,1,,,COL21P2P1_1,1,no,kept existing numeric isolate number
373,COL21P2P1_2,COL21P2P1,2,,,COL21P2P1_2,2,no,kept existing numeric isolate number
374,COL21P2P1_3,COL21P2P1,3,,,COL21P2P1_3,3,no,kept existing numeric isolate number
375,COL21P2P1_4,COL21P2P1,4,,,COL21P2P1_4,4,no,kept existing numeric isolate number
376,COL21P2P1_5,COL21P2P1,5,,,COL21P2P1_5,5,no,kept existing numeric isolate number
377,COL21P2P1_6,COL21P2P1,6,,,COL21P2P1_6,6,no,kept existing numeric isolate number
378,COL21P2P1_7,COL21P2P1,7,,,COL21P2P1_7,7,no,kept existing numeric isolate number
379,COL21P2P1_8,COL21P2P1,8,,,COL21P2P1_8,8,no,kept existing numeric isolate number
380,COL21P2P1_9,COL21P2P1,9,,,COL21P2P1_9,9,no,kept existing numeric isolate number
381,COL21P2P1_10,COL21P2P1,10,,,COL21P2P1_10,10,no,kept existing numeric isolate number
382,COL21P2P1_11,COL21P2P1,11,,,COL21P2P1_11,11,no,kept existing numeric isolate number
383,COL21P2P1_12,COL21P2P1,12,,,COL21P2P1_12,12,no,kept existing numeric isolate number
384,COL21P2P1_13,COL21P2P1,13,,,COL21P2P1_13,13,no,kept existing numeric isolate number
385,COL21P2P1_14,COL21P2P1,14,,,COL21P2P1_14,14,no,kept existing numeric isolate number
386,COL21P2P1_15,COL21P2P1,15,,,COL21P2P1_15,15,no,kept existing numeric isolate number
387,COL21P2P1_16,COL21P2P1,16,,,COL21P2P1_16,16,no,kept existing numeric isolate number
388,COL21P2P1_17,COL21P2P1,17,,,COL21P2P1_17,17,no,kept existing numeric isolate number
389,COL21P2P1_18,COL21P2P1,18,,,COL21P2P1_18,18,no,kept existing numeric isolate number
390,COL21P3P1_1,COL21P3P1,1,,,COL21P3P1_1,1,no,kept existing numeric isolate number
391,COL21P1Q1_1,COL21P1Q1,1,,,COL21P1Q1_1,1,no,kept existing numeric isolate number
392,COL21P1Q1_2,COL21P1Q1,2,,,COL21P1Q1_2,2,no,kept existing numeric isolate number
393,COL21P1Q1_3,COL21P1Q1,3,,,COL21P1Q1_3,3,no,kept existing numeric isolate number
394,COL21P1Q1_4,COL21P1Q1,4,,,COL21P1Q1_4,4,no,kept existing numeric isolate number
395,COL21P1Q1_5,COL21P1Q1,5,,,COL21P1Q1_5,5,no,kept existing numeric isolate number
396,COL21P1Q1_6,COL21P1Q1,6,,,COL21P1Q1_6,6,no,kept existing numeric isolate number
397,COL21P1Q1_7,COL21P1Q1,7,,,COL21P1Q1_7,7,no,kept existing numeric isolate number
398,COL21P1Q1_8,COL21P1Q1,8,,,COL21P1Q1_8,8,no,kept existing numeric isolate number
399,COL21P1Q1_9,COL21P1Q1,9,,,COL21P1Q1_9,9,no,kept existing numeric isolate number
400,COL21P1P2_1,COL21P1P2,1,,,COL21P1P2_1,1,no,kept existing numeric isolate number
401,COL21P1P2_2,COL21P1P2,2,,,COL21P1P2_2,2,no,kept existing numeric isolate number
402,COL21P1P2_3,COL21P1P2,3,,,COL21P1P2_3,3,no,kept existing numeric isolate number
403,COL21P1P2_4,COL21P1P2,4,,,COL21P1P2_4,4,no,kept existing numeric isolate number
404,COL21P1P2_5,COL21P1P2,5,,,COL21P1P2_5,5,no,kept existing numeric isolate number
405,COL21P1P2_6,COL21P1P2,6,,,COL21P1P2_6,6,no,kept existing numeric isolate number
406,COL21P1P2_7,COL21P1P2,7,,,COL21P1P2_7,7,no,kept existing numeric isolate number
407,COL21P1P2_8,COL21P1P2,8,,,COL21P1P2_8,8,no,kept existing numeric isolate number
408,COL21P1P2_9,COL21P1P2,9,,,COL21P1P2_9,9,no,kept existing numeric isolate number
409,COL21P1P2_10,COL21P1P2,10,,,COL21P1P2_10,10,no,kept existing numeric isolate number
410,COL21P2P2_1,COL21P2P2,1,,,COL21P2P2_1,1,no,kept existing numeric isolate number
411,COL21P2P2_2,COL21P2P2,2,,,COL21P2P2_2,2,no,kept existing numeric isolate number
412,COL21P2P2_3,COL21P2P2,3,,,COL21P2P2_3,3,no,kept existing numeric isolate number
413,COL21P2P2_4,COL21P2P2,4,,,COL21P2P2_4,4,no,kept existing numeric isolate number
414,COL21P2P2_5,COL21P2P2,5,,,COL21P2P2_5,5,no,kept existing numeric isolate number
415,COL21P2P2_6,COL21P2P2,6,,,COL21P2P2_6,6,no,kept existing numeric isolate number
416,COL21P2P2_7,COL21P2P2,7,,,COL21P2P2_7,7,no,kept existing numeric isolate number
417,COL21P2P2_8,COL21P2P2,8,,,COL21P2P2_8,8,no,kept existing numeric isolate number
418,COL21P2P2_9,COL21P2P2,9,,,COL21P2P2_9,9,no,kept existing numeric isolate number
419,COL21P2P2_10,COL21P2P2,10,,,COL21P2P2_10,10,no,kept existing numeric isolate number
420,COL21P2P2_11,COL21P2P2,11,,,COL21P2P2_11,11,no,kept existing numeric isolate number
421,COL21P3P2_1,COL21P3P2,1,,,COL21P3P2_1,1,no,kept existing numeric isolate number
422,COL21P3P2_2,COL21P3P2,2,,,COL21P3P2_2,2,no,kept existing numeric isolate number
423,COL21P3P2_3,COL21P3P2,3,,,COL21P3P2_3,3,no,kept existing numeric isolate number
424,COL21P3P2_4,COL21P3P2,4,,,COL21P3P2_4,4,no,kept existing numeric isolate number
425,COL21P3P2_5,COL21P3P2,5,,,COL21P3P2_5,5,no,kept existing numeric isolate number
426,COL21P3P2_6,COL21P3P2,6,,,COL21P3P2_6,6,no,kept existing numeric isolate number
427,COL21P3P2_7,COL21P3P2,7,,,COL21P3P2_7,7,no,kept existing numeric isolate number
428,COL21P3P2_8,COL21P3P2,8,,,COL21P3P2_8,8,no,kept existing numeric isolate number
429,COL21P1Q2_1,COL21P1Q2,1,,,COL21P1Q2_1,1,no,kept existing numeric isolate number
430,COL21P1Q2_2,COL21P1Q2,2,,,COL21P1Q2_2,2,no,kept existing numeric isolate number
431,COL21P1Q2_3,COL21P1Q2,3,,,COL21P1Q2_3,3,no,kept existing numeric isolate number
432,COL21P1Q2_4,COL21P1Q2,4,,,COL21P1Q2_4,4,no,kept existing numeric isolate number
433,COL21P1Q2_5,COL21P1Q2,5,,,COL21P1Q2_5,5,no,kept existing numeric isolate number
434,COL21P1Q2_6,COL21P1Q2,6,,,COL21P1Q2_6,6,no,kept existing numeric isolate number
435,COL21P1Q2_7,COL21P1Q2,7,,,COL21P1Q2_7,7,no,kept existing numeric isolate number
436,COL21P1Q2_8,COL21P1Q2,8,,,COL21P1Q2_8,8,no,kept existing numeric isolate number
437,COL21P1Q2_9,COL21P1Q2,9,,,COL21P1Q2_9,9,no,kept existing numeric isolate number
438,COL21P1Q2_10,COL21P1Q2,10,,,COL21P1Q2_10,10,no,kept existing numeric isolate number
439,COL21P2Q2_1,COL21P2Q2,1,,,COL21P2Q2_1,1,no,kept existing numeric isolate number
440,COL21P2Q2_2,COL21P2Q2,2,,,COL21P2Q2_2,2,no,kept existing numeric isolate number
441,COL21P2Q2_3,COL21P2Q2,3,,,COL21P2Q2_3,3,no,kept existing numeric isolate number
442,COL21P2Q2_4,COL21P2Q2,4,,,COL21P2Q2_4,4,no,kept existing numeric isolate number
443,COL21P3Q2_1,COL21P3Q2,1,,,COL21P3Q2_1,1,no,kept existing numeric isolate number
444,COL21P3Q2_2,COL21P3Q2,2,,,COL21P3Q2_2,2,no,kept existing numeric isolate number
445,COL21P3Q2_3,COL21P3Q2,3,,,COL21P3Q2_3,3,no,kept existing numeric isolate number
446,COL21P3Q2_4,COL21P3Q2,4,,,COL21P3Q2_4,4,no,kept existing numeric isolate number
447,COL21P3Q2_5,COL21P3Q2,5,,,COL21P3Q2_5,5,no,kept existing numeric isolate number
448,COL21P3Q2_6,COL21P3Q2,6,,,COL21P3Q2_6,6,no,kept existing numeric isolate number
449,COL21P3Q2_7,COL21P3Q2,7,,,COL21P3Q2_7,7,no,kept existing numeric isolate number
450,COL21D1P1_1,COL21D1P1,1,,,COL21D1P1_1,1,no,kept existing numeric isolate number
451,COL21D1P1_2,COL21D1P1,2,,,COL21D1P1_2,2,no,kept existing numeric isolate number
452,COL21D1P1_3,COL21D1P1,3,,,COL21D1P1_3,3,no,kept existing numeric isolate number
453,COL21D1P1_4,COL21D1P1,4,,,COL21D1P1_4,4,no,kept existing numeric isolate number
454,COL21D1P1_5,COL21D1P1,5,,,COL21D1P1_5,5,no,kept existing numeric isolate number
455,COL21D1P1_6,COL21D1P1,6,,,COL21D1P1_6,6,no,kept existing numeric isolate number
456,COL21D1P1_7,COL21D1P1,7,,,COL21D1P1_7,7,no,kept existing numeric isolate number
457,COL21D1P1_8,COL21D1P1,8,,,COL21D1P1_8,8,no,kept existing numeric isolate number
458,COL21D1P1_9,COL21D1P1,9,,,COL21D1P1_9,9,no,kept existing numeric isolate number
459,COL21D1P1_10,COL21D1P1,10,,,COL21D1P1_10,10,no,kept existing numeric isolate number
460,COL21D1P1_11,COL21D1P1,11,,,COL21D1P1_11,11,no,kept existing numeric isolate number
461,COL21D1P1_12,COL21D1P1,12,,,COL21D1P1_12,12,no,kept existing numeric isolate number
462,COL21D1P1_13,COL21D1P1,13,,,COL21D1P1_13,13,no,kept existing numeric isolate number
463,COL21D1P1_14,COL21D1P1,14,,,COL21D1P1_14,14,no,kept existing numeric isolate number
464,COL21D1P1_15,COL21D1P1,15,,,COL21D1P1_15,15,no,kept existing numeric isolate number
465,COL21D1P1_16,COL21D1P1,16,,,COL21D1P1_16,16,no,kept existing numeric isolate number
466,COL21D1P1_17,COL21D1P1,17,,,COL21D1P1_17,17,no,kept existing numeric isolate number
467,COL21D1P1_18,COL21D1P1,18,,,COL21D1P1_18,18,no,kept existing numeric isolate number
468,COL21D1P1_19,COL21D1P1,19,,,COL21D1P1_19,19,no,kept existing numeric isolate number
469,COL21D1P1_20,COL21D1P1,20,,,COL21D1P1_20,20,no,kept existing numeric isolate number
470,COL21D1P1_21,COL21D1P1,21,,,COL21D1P1_21,21,no,kept existing numeric isolate number
471,COL21D1P1_22,COL21D1P1,22,,,COL21D1P1_22,22,no,kept existing numeric isolate number
472,COL21D1P1_23,COL21D1P1,23,,,COL21D1P1_23,23,no,kept existing numeric isolate number
473,COL21D1P1_24,COL21D1P1,24,,,COL21D1P1_24,24,no,kept existing numeric isolate number
474,COL21D1P1_25,COL21D1P1,25,,,COL21D1P1_25,25,no,kept existing numeric isolate number
475,COL21D1P1_26,COL21D1P1,26,,,COL21D1P1_26,26,no,kept existing numeric isolate number
476,COL21D1P1_27,COL21D1P1,27,,,COL21D1P1_27,27,no,kept existing numeric isolate number
477,COL21D1P1_28,COL21D1P1,28,,,COL21D1P1_28,28,no,kept existing numeric isolate number
478,COL21D1P1_29,COL21D1P1,29,,,COL21D1P1_29,29,no,kept existing numeric isolate number
479,COL21D1P1_30,COL21D1P1,30,,,COL21D1P1_30,30,no,kept existing numeric isolate number
480,COL21D1P1_31,COL21D1P1,31,,,COL21D1P1_31,31,no,kept existing numeric isolate number
481,COL21D1P1_32,COL21D1P1,32,,,COL21D1P1_32,32,no,kept existing numeric isolate number
482,COL21D1P1_33,COL21D1P1,33,,,COL21D1P1_33,33,no,kept existing numeric isolate number
483,COL21D1P1_34,COL21D1P1,34,,,COL21D1P1_34,34,no,kept existing numeric isolate number
484,COL21D1P1_35,COL21D1P1,35,,,COL21D1P1_35,35,no,kept existing numeric isolate number
485,COL21D1P1_36,COL21D1P1,36,,,COL21D1P1_36,36,no,kept existing numeric isolate number
486,COL21D1P1_37,COL21D1P1,37,,,COL21D1P1_37,37,no,kept existing numeric isolate number
487,COL21D1P1_38,COL21D1P1,38,,,COL21D1P1_38,38,no,kept existing numeric isolate number
488,COL21D1P1_39,COL21D1P1,39,,,COL21D1P1_39,39,no,kept existing numeric isolate number
489,COL21D2P1_1,COL21D2P1,1,,,COL21D2P1_1,1,no,kept existing numeric isolate number
490,COL21D3P1_1,COL21D3P1,1,,,COL21D3P1_1,1,no,kept existing numeric isolate number
491,COL21D3P1_2,COL21D3P1,2,,,COL21D3P1_2,2,no,kept existing numeric isolate number
492,COL21D3P1_3,COL21D3P1,3,,,COL21D3P1_3,3,no,kept existing numeric isolate number
493,COL21D3P1_4,COL21D3P1,4,,,COL21D3P1_4,4,no,kept existing numeric isolate number
494,COL21D3P1_5,COL21D3P1,5,,,COL21D3P1_5,5,no,kept existing numeric isolate number
495,COL21D3P1_6,COL21D3P1,6,,,COL21D3P1_6,6,no,kept existing numeric isolate number
496,COL21D3P1_7,COL21D3P1,7,,,COL21D3P1_7,7,no,kept existing numeric isolate number
497,COL21D3P1_8,COL21D3P1,8,,,COL21D3P1_8,8,no,kept existing numeric isolate number
498,COL21D3P1_9,COL21D3P1,9,,,COL21D3P1_9,9,no,kept existing numeric isolate number
499,COL21D3P1_10,COL21D3P1,10,,,COL21D3P1_10,10,no,kept existing numeric isolate number
500,COL21D3P1_11,COL21D3P1,11,,,COL21D3P1_11,11,no,kept existing numeric isolate number
501,COL21D3P1_12,COL21D3P1,12,,,COL21D3P1_12,12,no,kept existing numeric isolate number
502,COL21D3P1_13,COL21D3P1,13,,,COL21D3P1_13,13,no,kept existing numeric isolate number
503,COL21D3P1_14,COL21D3P1,14,,,COL21D3P1_14,14,no,kept existing numeric isolate number
504,COL21D1P2_1,COL21D1P2,1,,,COL21D1P2_1,1,no,kept existing numeric isolate number
505,COL21D1P2_2,COL21D1P2,2,,,COL21D1P2_2,2,no,kept existing numeric isolate number
506,COL21D1P2_3,COL21D1P2,3,,,COL21D1P2_3,3,no,kept existing numeric isolate number
507,COL21D1P2_4,COL21D1P2,4,,,COL21D1P2_4,4,no,kept existing numeric isolate number
508,COL21D1P2_5,COL21D1P2,5,,,COL21D1P2_5,5,no,kept existing numeric isolate number
509,COL21D1P2_6,COL21D1P2,6,,,COL21D1P2_6,6,no,kept existing numeric isolate number
510,COL21D1P2_7,COL21D1P2,7,,,COL21D1P2_7,7,no,kept existing numeric isolate number
511,COL21D1P2_8,COL21D1P2,8,,,COL21D1P2_8,8,no,kept existing numeric isolate number
512,COL21D1P2_9,COL21D1P2,9,,,COL21D1P2_9,9,no,kept existing numeric isolate number
513,COL21D1P2_10,COL21D1P2,10,,,COL21D1P2_10,10,no,kept existing numeric isolate number
514,COL21D1P2_11,COL21D1P2,11,,,COL21D1P2_11,11,no,kept existing numeric isolate number
515,COL21D1P2_12,COL21D1P2,12,,,COL21D1P2_12,12,no,kept existing numeric isolate number
516,COL21D1P2_13,COL21D1P2,13,,,COL21D1P2_13,13,no,kept existing numeric isolate number
517,COL21D1P2_14,COL21D1P2,14,,,COL21D1P2_14,14,no,kept existing numeric isolate number
518,COL21D1P2_15,COL21D1P2,15,,,COL21D1P2_15,15,no,kept existing numeric isolate number
519,COL21D1P2_16,COL21D1P2,16,,,COL21D1P2_16,16,no,kept existing numeric isolate number
520,COL21D1P2_17,COL21D1P2,17,,,COL21D1P2_17,17,no,kept existing numeric isolate number
521,COL21D1P2_18,COL21D1P2,18,,,COL21D1P2_18,18,no,kept existing numeric isolate number
522,COL21D1P2_19,COL21D1P2,19,,,COL21D1P2_19,19,no,kept existing numeric isolate number
523,COL21D1P2_20,COL21D1P2,20,,,COL21D1P2_20,20,no,kept existing numeric isolate number
524,COL21D2P2_1,COL21D2P2,1,,,COL21D2P2_1,1,no,kept existing numeric isolate number
525,COL21D2P2_2,COL21D2P2,2,,,COL21D2P2_2,2,no,kept existing numeric isolate number
526,COL21D2P2_3,COL21D2P2,3,,,COL21D2P2_3,3,no,kept existing numeric isolate number
527,COL21D2P2_4,COL21D2P2,4,,,COL21D2P2_4,4,no,kept existing numeric isolate number
528,COL21D3P2_1,COL21D3P2,1,,,COL21D3P2_1,1,no,kept existing numeric isolate number
529,COL21D3P2_2,COL21D3P2,2,,,COL21D3P2_2,2,no,kept existing numeric isolate number
530,COL21D3P2_3,COL21D3P2,3,,,COL21D3P2_3,3,no,kept existing numeric isolate number
531,COL21D3P2_4,COL21D3P2,4,,,COL21D3P2_4,4,no,kept existing numeric isolate number
532,INN11P1P1_1,INN11P1P1,1,,,INN11P1P1_1,1,no,kept existing numeric isolate number
533,INN11P3P1_1,INN11P3P1,1,,,INN11P3P1_1,1,no,kept existing numeric isolate number
534,INN11P3P1_2,INN11P3P1,2,,,INN11P3P1_2,2,no,kept existing numeric isolate number
535,INN11P3P1_3,INN11P3P1,3,,,INN11P3P1_3,3,no,kept existing numeric isolate number
536,INN11P3P1_4,INN11P3P1,4,,,INN11P3P1_4,4,no,kept existing numeric isolate number
537,INN11P3P1_5,INN11P3P1,5,,,INN11P3P1_5,5,no,kept existing numeric isolate number
538,INN11P3P1_6,INN11P3P1,6,,,INN11P3P1_6,6,no,kept existing numeric isolate number
539,INN11P3P1_7,INN11P3P1,7,,,INN11P3P1_7,7,no,kept existing numeric isolate number
540,INN11P3P1_8,INN11P3P1,8,,,INN11P3P1_8,8,no,kept existing numeric isolate number
541,INN11P3P1_9,INN11P3P1,9,,,INN11P3P1_9,9,no,kept existing numeric isolate number
542,INN11P3P1_10,INN11P3P1,10,,,INN11P3P1_10,10,no,kept existing numeric isolate number
543,INN11P1Q1_1,INN11P1Q1,1,,,INN11P1Q1_1,1,no,kept existing numeric isolate number
544,INN11P1Q1_2,INN11P1Q1,2,,,INN11P1Q1_2,2,no,kept existing numeric isolate number
545,INN11P1Q1_3,INN11P1Q1,3,,,INN11P1Q1_3,3,no,kept existing numeric isolate number
546,INN11P1Q1_4,INN11P1Q1,4,,,INN11P1Q1_4,4,no,kept existing numeric isolate number
547,INN11P1Q1_5,INN11P1Q1,5,,,INN11P1Q1_5,5,no,kept existing numeric isolate number
548,INN11P2Q1_1,INN11P2Q1,1,,,INN11P2Q1_1,1,no,kept existing numeric isolate number
549,INN11P2Q1_2,INN11P2Q1,2,,,INN11P2Q1_2,2,no,kept existing numeric isolate number
550,INN11P2Q1_3,INN11P2Q1,3,,,INN11P2Q1_3,3,no,kept existing numeric isolate number
551,INN11P2Q1_4,INN11P2Q1,4,,,INN11P2Q1_4,4,no,kept existing numeric isolate number
552,INN11P2Q1_5,INN11P2Q1,5,,,INN11P2Q1_5,5,no,kept existing numeric isolate number
553,INN11P3Q1_1,INN11P3Q1,1,,,INN11P3Q1_1,1,no,kept existing numeric isolate number
554,INN11P1P2_1,INN11P1P2,1,,,INN11P1P2_1,1,no,kept existing numeric isolate number
555,INN11P1P2_2,INN11P1P2,2,,,INN11P1P2_2,2,no,kept existing numeric isolate number
556,INN11P1P2_3,INN11P1P2,3,,,INN11P1P2_3,3,no,kept existing numeric isolate number
557,INN11P1P2_4,INN11P1P2,4,,,INN11P1P2_4,4,no,kept existing numeric isolate number
558,INN11P1P2_5,INN11P1P2,5,,,INN11P1P2_5,5,no,kept existing numeric isolate number
559,INN11P1P2_6,INN11P1P2,6,,,INN11P1P2_6,6,no,kept existing numeric isolate number
560,INN11P2P2_1,INN11P2P2,1,,,INN11P2P2_1,1,no,kept existing numeric isolate number
561,INN11P2P2_2,INN11P2P2,2,,,INN11P2P2_2,2,no,kept existing numeric isolate number
562,INN11P2P2_3,INN11P2P2,3,,,INN11P2P2_3,3,no,kept existing numeric isolate number
563,INN11P2P2_4,INN11P2P2,4,,,INN11P2P2_4,4,no,kept existing numeric isolate number
564,INN11P3P2_1,INN11P3P2,1,,,INN11P3P2_1,1,no,kept existing numeric isolate number
565,INN11P3P2_2,INN11P3P2,2,,,INN11P3P2_2,2,no,kept existing numeric isolate number
566,INN11P1Q2_1,INN11P1Q2,1,,,INN11P1Q2_1,1,no,kept existing numeric isolate number
567,INN11P1Q2_2,INN11P1Q2,2,,,INN11P1Q2_2,2,no,kept existing numeric isolate number
568,INN11P1Q2_3,INN11P1Q2,3,,,INN11P1Q2_3,3,no,kept existing numeric isolate number
569,INN11P1Q2_4,INN11P1Q2,4,,,INN11P1Q2_4,4,no,kept existing numeric isolate number
570,INN11P1Q2_5,INN11P1Q2,5,,,INN11P1Q2_5,5,no,kept existing numeric isolate number
571,INN11P1Q2_6,INN11P1Q2,6,,,INN11P1Q2_6,6,no,kept existing numeric isolate number
572,INN11P1Q2_7,INN11P1Q2,7,,,INN11P1Q2_7,7,no,kept existing numeric isolate number
573,INN11P1Q2_8,INN11P1Q2,8,,,INN11P1Q2_8,8,no,kept existing numeric isolate number
574,INN11P1Q2_9,INN11P1Q2,9,,,INN11P1Q2_9,9,no,kept existing numeric isolate number
575,INN11P1Q2_10,INN11P1Q2,10,,,INN11P1Q2_10,10,no,kept existing numeric isolate number
576,INN11P2Q2_1,INN11P2Q2,1,,,INN11P2Q2_1,1,no,kept existing numeric isolate number
577,INN11P2Q2_2,INN11P2Q2,2,,,INN11P2Q2_2,2,no,kept existing numeric isolate number
578,INN11P2Q2_3,INN11P2Q2,3,,,INN11P2Q2_3,3,no,kept existing numeric isolate number
579,INN11P2Q2_4,INN11P2Q2,4,,,INN11P2Q2_4,4,no,kept existing numeric isolate number
580,INN11P2Q2_5,INN11P2Q2,5,,,INN11P2Q2_5,5,no,kept existing numeric isolate number
581,INN11P2Q2_6,INN11P2Q2,6,,,INN11P2Q2_6,6,no,kept existing numeric isolate number
582,INN11D1P1_1,INN11D1P1,1,,,INN11D1P1_1,1,no,kept existing numeric isolate number
583,INN11D1P2_1,INN11D1P2,1,,,INN11D1P2_1,1,no,kept existing numeric isolate number
584,INN11D1P2_2,INN11D1P2,2,,,INN11D1P2_2,2,no,kept existing numeric isolate number
585,INN11D1P2_3,INN11D1P2,3,,,INN11D1P2_3,3,no,kept existing numeric isolate number
586,INN11D1P2_4,INN11D1P2,4,,,INN11D1P2_4,4,no,kept existing numeric isolate number
587,INN11D2P2_1,INN11D2P2,1,,,INN11D2P2_1,1,no,kept existing numeric isolate number
588,INN11D2P2_2,INN11D2P2,2,,,INN11D2P2_2,2,no,kept existing numeric isolate number
589,INN11D2P2_3,INN11D2P2,3,,,INN11D2P2_3,3,no,kept existing numeric isolate number
590,INN11D2P2_4,INN11D2P2,4,,,INN11D2P2_4,4,no,kept existing numeric isolate number
591,INN21P1P1_1,INN21P1P1,1,,,INN21P1P1_1,1,no,kept existing numeric isolate number
592,INN21P1P1_2,INN21P1P1,2,,,INN21P1P1_2,2,no,kept existing numeric isolate number
593,INN21P1P1_3,INN21P1P1,3,,,INN21P1P1_3,3,no,kept existing numeric isolate number
594,INN21P1P1_4,INN21P1P1,4,,,INN21P1P1_4,4,no,kept existing numeric isolate number
595,INN21P1P1_5,INN21P1P1,5,,,INN21P1P1_5,5,no,kept existing numeric isolate number
596,INN21P1P1_6,INN21P1P1,6,,,INN21P1P1_6,6,no,kept existing numeric isolate number
597,INN21P1P1_7,INN21P1P1,7,,,INN21P1P1_7,7,no,kept existing numeric isolate number
598,INN21P1P1_8,INN21P1P1,8,,,INN21P1P1_8,8,no,kept existing numeric isolate number
599,INN21P1P1_9,INN21P1P1,9,,,INN21P1P1_9,9,no,kept existing numeric isolate number
600,INN21P1P1_10,INN21P1P1,10,,,INN21P1P1_10,10,no,kept existing numeric isolate number
601,INN21P2P1_1,INN21P2P1,1,,,INN21P2P1_1,1,no,kept existing numeric isolate number
602,INN21P2P1_2,INN21P2P1,2,,,INN21P2P1_2,2,no,kept existing numeric isolate number
603,INN21P2P1_3,INN21P2P1,3,,,INN21P2P1_3,3,no,kept existing numeric isolate number
604,INN21P2P1_4,INN21P2P1,4,,,INN21P2P1_4,4,no,kept existing numeric isolate number
605,INN21P3P1_1,INN21P3P1,1,,,INN21P3P1_1,1,no,kept existing numeric isolate number
606,INN21P1Q1_1,INN21P1Q1,1,,,INN21P1Q1_1,1,no,kept existing numeric isolate number
607,INN21P1Q1_2,INN21P1Q1,2,,,INN21P1Q1_2,2,no,kept existing numeric isolate number
608,INN21P1Q1_3,INN21P1Q1,3,,,INN21P1Q1_3,3,no,kept existing numeric isolate number
609,INN21P1Q1_4,INN21P1Q1,4,,,INN21P1Q1_4,4,no,kept existing numeric isolate number
610,INN21P1Q1_5,INN21P1Q1,5,,,INN21P1Q1_5,5,no,kept existing numeric isolate number
611,INN21P1Q1_6,INN21P1Q1,6,,,INN21P1Q1_6,6,no,kept existing numeric isolate number
612,INN21P1Q1_7,INN21P1Q1,7,,,INN21P1Q1_7,7,no,kept existing numeric isolate number
613,INN21P1Q1_8,INN21P1Q1,8,,,INN21P1Q1_8,8,no,kept existing numeric isolate number
614,INN21P1Q1_9,INN21P1Q1,9,,,INN21P1Q1_9,9,no,kept existing numeric isolate number
615,INN21P1Q1_10,INN21P1Q1,10,,,INN21P1Q1_10,10,no,kept existing numeric isolate number
616,INN21P2Q1_1,INN21P2Q1,1,,,INN21P2Q1_1,1,no,kept existing numeric isolate number
617,INN21P2Q1_2,INN21P2Q1,2,,,INN21P2Q1_2,2,no,kept existing numeric isolate number
618,INN21P2Q1_3,INN21P2Q1,3,,,INN21P2Q1_3,3,no,kept existing numeric isolate number
619,INN21P2Q1_4,INN21P2Q1,4,,,INN21P2Q1_4,4,no,kept existing numeric isolate number
620,INN21P2Q1_5,INN21P2Q1,5,,,INN21P2Q1_5,5,no,kept existing numeric isolate number
621,INN21P3Q1_1,INN21P3Q1,1,,,INN21P3Q1_1,1,no,kept existing numeric isolate number
622,INN21P3Q1_2,INN21P3Q1,2,,,INN21P3Q1_2,2,no,kept existing numeric isolate number
623,INN21P3Q1_3,INN21P3Q1,3,,,INN21P3Q1_3,3,no,kept existing numeric isolate number
624,INN21P3Q1_4,INN21P3Q1,4,,,INN21P3Q1_4,4,no,kept existing numeric isolate number
625,INN21P3Q1_5,INN21P3Q1,5,,,INN21P3Q1_5,5,no,kept existing numeric isolate number
626,INN21P3Q1_6,INN21P3Q1,6,,,INN21P3Q1_6,6,no,kept existing numeric isolate number
627,INN21P3Q1_7,INN21P3Q1,7,,,INN21P3Q1_7,7,no,kept existing numeric isolate number
628,INN21P3Q1_8,INN21P3Q1,8,,,INN21P3Q1_8,8,no,kept existing numeric isolate number
629,INN21P3Q1_9,INN21P3Q1,9,,,INN21P3Q1_9,9,no,kept existing numeric isolate number
630,INN21P3Q1_10,INN21P3Q1,10,,,INN21P3Q1_10,10,no,kept existing numeric isolate number
631,INN21P1P2_1,INN21P1P2,1,,,INN21P1P2_1,1,no,kept existing numeric isolate number
632,INN21P1P2_2,INN21P1P2,2,,,INN21P1P2_2,2,no,kept existing numeric isolate number
633,INN21P1P2_3,INN21P1P2,3,,,INN21P1P2_3,3,no,kept existing numeric isolate number
634,INN21P1P2_4,INN21P1P2,4,,,INN21P1P2_4,4,no,kept existing numeric isolate number
635,INN21P1P2_5,INN21P1P2,5,,,INN21P1P2_5,5,no,kept existing numeric isolate number
636,INN21P1P2_6,INN21P1P2,6,,,INN21P1P2_6,6,no,kept existing numeric isolate number
637,INN21P1P2_7,INN21P1P2,7,,,INN21P1P2_7,7,no,kept existing numeric isolate number
638,INN21P1P2_8,INN21P1P2,8,,,INN21P1P2_8,8,no,kept existing numeric isolate number
639,INN21P1P2_9,INN21P1P2,9,,,INN21P1P2_9,9,no,kept existing numeric isolate number
640,INN21P1P2_10,INN21P1P2,10,,,INN21P1P2_10,10,no,kept existing numeric isolate number
641,INN21P2P2_1,INN21P2P2,1,,,INN21P2P2_1,1,no,kept existing numeric isolate number
642,INN21P2P2_2,INN21P2P2,2,,,INN21P2P2_2,2,no,kept existing numeric isolate number
643,INN21P2P2_3,INN21P2P2,3,,,INN21P2P2_3,3,no,kept existing numeric isolate number
644,INN21P2P2_4,INN21P2P2,4,,,INN21P2P2_4,4,no,kept existing numeric isolate number
645,INN21P1Q2_1,INN21P1Q2,1,,,INN21P1Q2_1,1,no,kept existing numeric isolate number
646,INN21P1Q2_2,INN21P1Q2,2,,,INN21P1Q2_2,2,no,kept existing numeric isolate number
647,INN21P1Q2_3,INN21P1Q2,3,,,INN21P1Q2_3,3,no,kept existing numeric isolate number
648,INN21P1Q2_4,INN21P1Q2,4,,,INN21P1Q2_4,4,no,kept existing numeric isolate number
649,INN21P1Q2_5,INN21P1Q2,5,,,INN21P1Q2_5,5,no,kept existing numeric isolate number
650,INN21P1Q2_6,INN21P1Q2,6,,,INN21P1Q2_6,6,no,kept existing numeric isolate number
651,INN21P1Q2_7,INN21P1Q2,7,,,INN21P1Q2_7,7,no,kept existing numeric isolate number
652,INN21P1Q2_8,INN21P1Q2,8,,,INN21P1Q2_8,8,no,kept existing numeric isolate number
653,INN21P1Q2_9,INN21P1Q2,9,,,INN21P1Q2_9,9,no,kept existing numeric isolate number
654,INN21P1Q2_10,INN21P1Q2,10,,,INN21P1Q2_10,10,no,kept existing numeric isolate number
655,INN21P2Q2_1,INN21P2Q2,1,,,INN21P2Q2_1,1,no,kept existing numeric isolate number
656,INN21P2Q2_2,INN21P2Q2,2,,,INN21P2Q2_2,2,no,kept existing numeric isolate number
657,INN21P2Q2_3,INN21P2Q2,3,,,INN21P2Q2_3,3,no,kept existing numeric isolate number
658,INN21P2Q2_4,INN21P2Q2,4,,,INN21P2Q2_4,4,no,kept existing numeric isolate number
659,INN21P2Q2_5,INN21P2Q2,5,,,INN21P2Q2_5,5,no,kept existing numeric isolate number
660,INN21P2Q2_6,INN21P2Q2,6,,,INN21P2Q2_6,6,no,kept existing numeric isolate number
661,INN21P3Q2_1,INN21P3Q2,1,,,INN21P3Q2_1,1,no,kept existing numeric isolate number
662,INN21P3Q2_2,INN21P3Q2,2,,,INN21P3Q2_2,2,no,kept existing numeric isolate number
663,INN21P3Q2_3,INN21P3Q2,3,,,INN21P3Q2_3,3,no,kept existing numeric isolate number
664,INN21P3Q2_4,INN21P3Q2,4,,,INN21P3Q2_4,4,no,kept existing numeric isolate number
665,INN21D1P1_1,INN21D1P1,1,,,INN21D1P1_1,1,no,kept existing numeric isolate number
666,INN21D1P1_2,INN21D1P1,2,,,INN21D1P1_2,2,no,kept existing numeric isolate number
667,INN21D1P1_3,INN21D1P1,3,,,INN21D1P1_3,3,no,kept existing numeric isolate number
668,INN21D1P1_4,INN21D1P1,4,,,INN21D1P1_4,4,no,kept existing numeric isolate number
669,INN21D1P1_5,INN21D1P1,5,,,INN21D1P1_5,5,no,kept existing numeric isolate number
670,INN21D1P1_6,INN21D1P1,6,,,INN21D1P1_6,6,no,kept existing numeric isolate number
671,INN21D1P1_7,INN21D1P1,7,,,INN21D1P1_7,7,no,kept existing numeric isolate number
672,INN21D1P1_8,INN21D1P1,8,,,INN21D1P1_8,8,no,kept existing numeric isolate number
673,INN21D1P1_9,INN21D1P1,9,,,INN21D1P1_9,9,no,kept existing numeric isolate number
674,INN21D1P1_10,INN21D1P1,10,,,INN21D1P1_10,10,no,kept existing numeric isolate number
675,INN21D1P1_11,INN21D1P1,11,,,INN21D1P1_11,11,no,kept existing numeric isolate number
676,INN21D1P1_12,INN21D1P1,12,,,INN21D1P1_12,12,no,kept existing numeric isolate number
677,INN21D1P1_13,INN21D1P1,13,,,INN21D1P1_13,13,no,kept existing numeric isolate number
678,INN21D1P1_14,INN21D1P1,14,,,INN21D1P1_14,14,no,kept existing numeric isolate number
679,INN21D1P1_15,INN21D1P1,15,,,INN21D1P1_15,15,no,kept existing numeric isolate number
680,INN21D1P1_16,INN21D1P1,16,,,INN21D1P1_16,16,no,kept existing numeric isolate number
681,INN21D1P1_17,INN21D1P1,17,,,INN21D1P1_17,17,no,kept existing numeric isolate number
682,INN21D1P1_18,INN21D1P1,18,,,INN21D1P1_18,18,no,kept existing numeric isolate number
683,INN21D1P1_19,INN21D1P1,19,,,INN21D1P1_19,19,no,kept existing numeric isolate number
684,INN21D1P1_20,INN21D1P1,20,,,INN21D1P1_20,20,no,kept existing numeric isolate number
685,INN21D1P1_21,INN21D1P1,21,,,INN21D1P1_21,21,no,kept existing numeric isolate number
686,INN21D1P1_22,INN21D1P1,22,,,INN21D1P1_22,22,no,kept existing numeric isolate number
687,INN21D1P1_23,INN21D1P1,23,,,INN21D1P1_23,23,no,kept existing numeric isolate number
688,INN21D1P1_24,INN21D1P1,24,,,INN21D1P1_24,24,no,kept existing numeric isolate number
689,INN21D1P1_25,INN21D1P1,25,,,INN21D1P1_25,25,no,kept existing numeric isolate number
690,INN21D1P1_26,INN21D1P1,26,,,INN21D1P1_26,26,no,kept existing numeric isolate number
691,INN21D1P1_27,INN21D1P1,27,,,INN21D1P1_27,27,no,kept existing numeric isolate number
692,INN21D3P1_1,INN21D3P1,1,,,INN21D3P1_1,1,no,kept existing numeric isolate number
693,INN21D3P1_2,INN21D3P1,2,,,INN21D3P1_2,2,no,kept existing numeric isolate number
694,INN21D3P1_3,INN21D3P1,3,,,INN21D3P1_3,3,no,kept existing numeric isolate number
695,INN21D3P1_4,INN21D3P1,4,,,INN21D3P1_4,4,no,kept existing numeric isolate number
696,INN21D3P1_5,INN21D3P1,5,,,INN21D3P1_5,5,no,kept existing numeric isolate number
697,INN21D1P2_1,INN21D1P2,1,,,INN21D1P2_1,1,no,kept existing numeric isolate number
698,INN21D1P2_2,INN21D1P2,2,,,INN21D1P2_2,2,no,kept existing numeric isolate number
699,INN21D1P2_3,INN21D1P2,3,,,INN21D1P2_3,3,no,kept existing numeric isolate number
700,INN21D1P2_4,INN21D1P2,4,,,INN21D1P2_4,4,no,kept existing numeric isolate number
701,INN21D1P2_5,INN21D1P2,5,,,INN21D1P2_5,5,no,kept existing numeric isolate number
702,INN21D1P2_6,INN21D1P2,6,,,INN21D1P2_6,6,no,kept existing numeric isolate number
703,INN21D1P2_7,INN21D1P2,7,,,INN21D1P2_7,7,no,kept existing numeric isolate number
704,INN21D1P2_8,INN21D1P2,8,,,INN21D1P2_8,8,no,kept existing numeric isolate number
705,INN21D1P2_9,INN21D1P2,9,,,INN21D1P2_9,9,no,kept existing numeric isolate number
706,INN21D1P2_10,INN21D1P2,10,,,INN21D1P2_10,10,no,kept existing numeric isolate number
707,INN21D1P2_11,INN21D1P2,11,,,INN21D1P2_11,11,no,kept existing numeric isolate number
708,INN21D1P2_12,INN21D1P2,12,,,INN21D1P2_12,12,no,kept existing numeric isolate number
709,INN21D1P2_13,INN21D1P2,13,,,INN21D1P2_13,13,no,kept existing numeric isolate number
710,INN21D1P2_14,INN21D1P2,14,,,INN21D1P2_14,14,no,kept existing numeric isolate number
711,INN21D1P2_15,INN21D1P2,15,,,INN21D1P2_15,15,no,kept existing numeric isolate number
712,INN21D1P2_16,INN21D1P2,16,,,INN21D1P2_16,16,no,kept existing numeric isolate number
713,INN21D1P2_17,INN21D1P2,17,,,INN21D1P2_17,17,no,kept existing numeric isolate number
714,INN21D1P2_18,INN21D1P2,18,,,INN21D1P2_18,18,no,kept existing numeric isolate number
715,INN21D1P2_19,INN21D1P2,19,,,INN21D1P2_19,19,no,kept existing numeric isolate number
716,INN21D1P2_20,INN21D1P2,20,,,INN21D1P2_20,20,no,kept existing numeric isolate number
717,INN21D1P2_21,INN21D1P2,21,,,INN21D1P2_21,21,no,kept existing numeric isolate number
718,INN21D1P2_22,INN21D1P2,22,,,INN21D1P2_22,22,no,kept existing numeric isolate number
719,INN21D1P2_23,INN21D1P2,23,,,INN21D1P2_23,23,no,kept existing numeric isolate number
720,INN21D1P2_24,INN21D1P2,24,,,INN21D1P2_24,24,no,kept existing numeric isolate number
721,INN21D1P2_25,INN21D1P2,25,,,INN21D1P2_25,25,no,kept existing numeric isolate number
722,INN21D1P2_26,INN21D1P2,26,,,INN21D1P2_26,26,no,kept existing numeric isolate number
723,INN21D1P2_27,INN21D1P2,27,,,INN21D1P2_27,27,no,kept existing numeric isolate number
724,INN21D1P2_28,INN21D1P2,28,,,INN21D1P2_28,28,no,kept existing numeric isolate number
725,INN21D1P2_29,INN21D1P2,29,,,INN21D1P2_29,29,no,kept existing numeric isolate number
726,INN21D1P2_30,INN21D1P2,30,,,INN21D1P2_30,30,no,kept existing numeric isolate number
727,INN21D1P2_31,INN21D1P2,31,,,INN21D1P2_31,31,no,kept existing numeric isolate number
728,INN21D1P2_32,INN21D1P2,32,,,INN21D1P2_32,32,no,kept existing numeric isolate number
729,INN21D1P2_33,INN21D1P2,33,,,INN21D1P2_33,33,no,kept existing numeric isolate number
730,INN21D1P2_34,INN21D1P2,34,,,INN21D1P2_34,34,no,kept existing numeric isolate number
731,INN21D1P2_35,INN21D1P2,35,,,INN21D1P2_35,35,no,kept existing numeric isolate number
732,INN21D1P2_36,INN21D1P2,36,,,INN21D1P2_36,36,no,kept existing numeric isolate number
733,INN21D1P2_37,INN21D1P2,37,,,INN21D1P2_37,37,no,kept existing numeric isolate number
734,INN21D2P2_1,INN21D2P2,1,,,INN21D2P2_1,1,no,kept existing numeric isolate number
735,INN21D2P2_2,INN21D2P2,2,,,INN21D2P2_2,2,no,kept existing numeric isolate number
736,INN21D2P2_3,INN21D2P2,3,,,INN21D2P2_3,3,no,kept existing numeric isolate number
737,INN21D2P2_4,INN21D2P2,4,,,INN21D2P2_4,4,no,kept existing numeric isolate number
738,INN21D2P2_5,INN21D2P2,5,,,INN21D2P2_5,5,no,kept existing numeric isolate number
739,INN21D2P2_6,INN21D2P2,6,,,INN21D2P2_6,6,no,kept existing numeric isolate number
740,INN21D2P2_7,INN21D2P2,7,,,INN21D2P2_7,7,no,kept existing numeric isolate number
741,INN21D2P2_8,INN21D2P2,8,,,INN21D2P2_8,8,no,kept existing numeric isolate number
742,INN21D2P2_9,INN21D2P2,9,,,INN21D2P2_9,9,no,kept existing numeric isolate number
